landmark_id,x,y,z,visible,vertex_index
0,-0.6115021705627441,0.40871575474739075,0.18483346700668335,1,2476
1,-0.5723391771316528,0.3739607334136963,0.22648870944976807,0,3124
2,-0.538422703742981,0.36041703820228577,0.25016075372695923,1,3513
3,-0.4955527186393738,0.3523145020008087,0.2710362672805786,1,3900
4,-0.4630481004714966,0.35033124685287476,0.2817509174346924,1,4158
5,-0.43109753727912903,0.3454398512840271,0.2911769151687622,1,4417
6,-0.3813919126987457,0.3424083888530731,0.2948010563850403,1,4805
7,-0.35044071078300476,0.3538505434989929,0.2907072603702545,1,5062
8,-0.32314640283584595,0.35870060324668884,0.28697624802589417,1,5320
9,-0.2844526469707489,0.3762390613555908,0.2630251348018646,1,5704
10,-0.2531527578830719,0.395450621843338,0.24608223140239716,1,6216
11,-0.6397462487220764,0.4333675801753998,0.17452315986156464,1,1955
12,-0.6021873354911804,0.45497840642929077,0.22945605218410492,1,2985
13,-0.572006106376648,0.4823395311832428,0.27368268370628357,1,3499
14,-0.5366404056549072,0.4976051449775696,0.29935353994369507,1,3886
15,-0.49453794956207275,0.519244909286499,0.31944090127944946,1,4272
16,-0.46281859278678894,0.5237612128257751,0.32323765754699707,1,4530
17,-0.4179598391056061,0.5150502324104309,0.3171684145927429,1,4918
18,-0.3749968111515045,0.5093254446983337,0.3095323145389557,1,5306
19,-0.3467521071434021,0.48779281973838806,0.2965094745159149,1,5437
20,-0.3130514323711395,0.4553041458129883,0.2806394696235657,1,5568
21,-0.2803668677806854,0.43443411588668823,0.2688961923122406,1,5826
22,0.6218099594116211,0.4308883547782898,0.17786656320095062,0,14197
23,0.5751426219940186,0.38869789242744446,0.22533942759037018,1,13298
24,0.5289150476455688,0.3714980483055115,0.24996702373027802,0,12784
25,0.4867168366909027,0.36294493079185486,0.2681148946285248,1,12397
26,0.45754626393318176,0.35429126024246216,0.28046345710754395,1,12140
27,0.4248019754886627,0.3607849180698395,0.2798311114311218,1,11881
28,0.39197665452957153,0.3638491630554199,0.2797655165195465,1,11623
29,0.3491213917732239,0.3654100000858307,0.2751959562301636,1,11237
30,0.3257473409175873,0.3775501847267151,0.26845884323120117,1,10978
31,0.2891465425491333,0.39113670587539673,0.2530699670314789,1,10588
32,0.26032164692878723,0.4028153419494629,0.23350436985492706,0,10202
33,0.6380816102027893,0.45466768741607666,0.19554059207439423,0,14192
34,0.5976926684379578,0.47707441449165344,0.2386275976896286,1,13287
35,0.5574117302894592,0.49329593777656555,0.2717747390270233,1,12770
36,0.518545925617218,0.5052341818809509,0.293563574552536,1,12383
37,0.48507681488990784,0.5114650726318359,0.3038869798183441,1,12125
38,0.44435617327690125,0.5240585207939148,0.31218335032463074,1,11737
39,0.41266611218452454,0.5115618705749512,0.3068767786026001,1,11480
40,0.37929871678352356,0.5023640990257263,0.29501810669898987,1,11094
41,0.34330689907073975,0.4849201738834381,0.28205248713493347,1,10838
42,0.3166663944721222,0.4670000970363617,0.2721013128757477,1,10710
43,0.2799251973628998,0.4388604760169983,0.2563648223876953,1,10453
44,-0.8011908531188965,0.6286672949790955,0.08516626060009003,1,28114
45,-0.7470270991325378,0.7213948965072632,0.1576113998889923,1,28536
46,-0.6708493232727051,0.7688252925872803,0.22796396911144257,1,28821
47,-0.5705132484436035,0.7970446348190308,0.3021189570426941,1,29084
48,-0.47385919094085693,0.7863103151321411,0.3638908863067627,1,29267
49,-0.36106497049331665,0.7510660290718079,0.4154634475708008,1,29411
50,-0.2557162046432495,0.7101337313652039,0.43554556369781494,1,29550
51,-0.7351207733154297,0.667590856552124,0.1945635974407196,1,2322
52,-0.6553354859352112,0.7212868332862854,0.2731263041496277,1,3355
53,-0.5624018907546997,0.719365119934082,0.33908799290657043,1,4259
54,-0.44775232672691345,0.7044439315795898,0.37882453203201294,1,5161
55,-0.3453657925128937,0.6738516688346863,0.39404475688934326,1,5806
56,-0.23386535048484802,0.6494011878967285,0.41275739669799805,1,6441
57,0.8078125715255737,0.6515947580337524,0.07605630159378052,0,31796
58,0.7573936581611633,0.7292776107788086,0.14846907556056976,1,31376
59,0.6742413640022278,0.7861542105674744,0.22125126421451569,1,31055
60,0.5732505321502686,0.8145353198051453,0.2963128387928009,1,30787
61,0.46333611011505127,0.7852319478988647,0.3716764450073242,1,30571
62,0.3517646789550781,0.7436557412147522,0.4212535321712494,1,30427
63,0.24829994142055511,0.7152072191238403,0.44484466314315796,1,30288
64,0.732961893081665,0.6696111559867859,0.1988072693347931,1,14044
65,0.6603103876113892,0.7214682698249817,0.2733311653137207,1,13013
66,0.5543729066848755,0.724830687046051,0.34138911962509155,1,11981
67,0.4432932138442993,0.6958144307136536,0.3762168288230896,1,11078
68,0.34315431118011475,0.6771395206451416,0.3970795273780823,1,10432
69,0.23449072241783142,0.6507641673088074,0.4189004898071289,1,9808
70,-0.3702714145183563,-0.5629384517669678,0.3193210959434509,1,5522
71,-0.3494877815246582,-0.5349834561347961,0.3528599143028259,1,5518
72,-0.3173365592956543,-0.516037106513977,0.410618394613266,1,5514
73,-0.27252519130706787,-0.48746880888938904,0.4680655300617218,1,5769
74,-0.23617547750473022,-0.4644685983657837,0.5034123063087463,1,6025
75,-0.19341140985488892,-0.4367714822292328,0.534593939781189,1,6279
76,-0.14015668630599976,-0.4168108105659485,0.564466655254364,1,6772
77,-0.07281725853681564,-0.4094097316265106,0.5903097987174988,1,7495
78,0.011518179439008236,-0.4267474412918091,0.6011314988136292,1,8215
79,0.09267120063304901,-0.41186532378196716,0.5878726840019226,1,8935
80,0.15644283592700958,-0.4230748116970062,0.5606058239936829,1,9655
81,0.20780088007450104,-0.44769755005836487,0.5294405221939087,1,10141
82,0.24810992181301117,-0.4748101532459259,0.49255672097206116,1,10395
83,0.28442391753196716,-0.49515748023986816,0.45092448592185974,1,10654
84,0.3279900550842285,-0.5198417901992798,0.3894902169704437,1,10915
85,0.3629608154296875,-0.5376609563827515,0.3387460708618164,0,10919
86,0.3794451951980591,-0.5625869035720825,0.29340389370918274,1,10795
87,-0.3351345658302307,-0.5565178394317627,0.32808831334114075,0,5909
88,-0.31045982241630554,-0.5504193902015686,0.3555658459663391,1,5906
89,-0.2594379782676697,-0.5442367792129517,0.40478748083114624,1,6162
90,-0.21477869153022766,-0.5408733487129211,0.44450643658638,1,6415
91,-0.1735343337059021,-0.5335266590118408,0.471031129360199,1,6782
92,-0.13223807513713837,-0.5284512639045715,0.49161574244499207,0,7145
93,-0.08724848926067352,-0.5272732973098755,0.5083428025245667,1,7505
94,-0.03902912512421608,-0.5301726460456848,0.5154086947441101,1,7865
95,0.007019279524683952,-0.5304223895072937,0.5148071050643921,1,8225
96,0.05510953813791275,-0.5304998755455017,0.5120311379432678,0,8585
97,0.10126341879367828,-0.5297318696975708,0.5033867955207825,1,8945
98,0.14642244577407837,-0.5318396687507629,0.4853825569152832,0,9305
99,0.18772275745868683,-0.536124050617218,0.46202147006988525,1,9665
100,0.22990909218788147,-0.5434789657592773,0.42793381214141846,0,10028
101,0.277669757604599,-0.5483821034431458,0.38580435514450073,1,10277
102,0.32859349250793457,-0.5507118701934814,0.33802005648612976,0,10533
103,0.3584916889667511,-0.5596656203269958,0.3021980822086334,1,10537
104,-0.33189520239830017,-0.5641656517982483,0.3295692503452301,0,6041
105,-0.3004739284515381,-0.560284435749054,0.3453507423400879,1,6297
106,-0.26303911209106445,-0.5607981085777283,0.3801511526107788,1,6544
107,-0.2271735817193985,-0.5567675828933716,0.41372281312942505,1,6788
108,-0.1713385432958603,-0.5506207942962646,0.4635879695415497,1,7149
109,-0.11302164942026138,-0.5502588748931885,0.49360421299934387,1,7509
110,-0.0512935034930706,-0.553613543510437,0.5120652914047241,1,7869
111,0.017168961465358734,-0.5564404129981995,0.517510175704956,1,8229
112,0.0830242857336998,-0.5559093952178955,0.5089661478996277,1,8589
113,0.14652754366397858,-0.5521364212036133,0.48965024948120117,1,8949
114,0.20344965159893036,-0.5540637373924255,0.45468416810035706,1,9309
115,0.2581929564476013,-0.5593575239181519,0.3992953896522522,1,9669
116,0.2919130325317383,-0.5654159188270569,0.3612194359302521,1,9912
117,0.32663363218307495,-0.563595175743103,0.3234555423259735,0,10158
118,0.35230234265327454,-0.564857542514801,0.3059910535812378,0,10410
119,-0.34140437841415405,-0.5793851017951965,0.3297746479511261,1,5914
120,-0.307108998298645,-0.5832630395889282,0.356029748916626,1,6174
121,-0.26564621925354004,-0.6005273461341858,0.4063188433647156,1,6548
122,-0.22341690957546234,-0.6302178502082825,0.4543887674808502,1,6915
123,-0.17169363796710968,-0.6596243381500244,0.49184855818748474,1,7276
124,-0.10843288898468018,-0.6719990968704224,0.5218696594238281,1,7636
125,-0.034476786851882935,-0.678162157535553,0.5356695055961609,1,7996
126,0.017664751037955284,-0.6805030703544617,0.5356419086456299,1,8236
127,0.06818342208862305,-0.6791287660598755,0.530928373336792,1,8476
128,0.1399863064289093,-0.6748534440994263,0.5135784149169922,1,8836
129,0.2025984227657318,-0.6630066633224487,0.4820583760738373,1,9196
130,0.25456130504608154,-0.6344497799873352,0.43984320759773254,1,9555
131,0.2949522137641907,-0.6059308648109436,0.389194130897522,1,9916
132,0.3334480822086334,-0.5853484272956848,0.33390843868255615,1,10287
133,0.3639465868473053,-0.5786373019218445,0.30582189559936523,1,10541
