stem,filename,date,brow_span_3d,brow_height_asym,eye_anchor_spacing_3d,eye_level_asym,brow_eye_left_3d,brow_eye_right_3d,brow_eye_asym,nose_ridge_length_3d,nose_base_width_3d,nose_axis_bend_3d,nose_base_asym,nose_projection_3d,midface_ratio,mouth_width_3d,mouth_height_3d,mouth_nose_offset,central_depth_contrast,geometry_anomaly_score,features_over_2_5mad,top_changed_features
2001_11_01__431490e159af,2001_11_01__431490e159af.png,2001-11-01,1.275472740394396,0.010392773784931308,1.310428377972919,0.013813418154323909,0.33537290636156897,0.3400061790930979,0.004633272731528915,0.8667951325488329,0.6006987171257374,0.02485713130183044,0.04551499118651112,0.5459176664502466,0.8478829217319088,1.5416923308527544,0.5500484034219332,0.07245007275213512,0.9294856536601696,5.239136413247677,8,nose_base_asym; mouth_height_3d; nose_axis_bend_3d; mouth_width_3d; mouth_nose_offset
2003_10_16__faa3a4aaff20,2003_10_16__faa3a4aaff20.png,2003-10-16,1.3549183043568733,0.02341126977651231,1.3507180507369894,0.03976311024925938,0.3498912474498931,0.3682046173306255,0.0183133698807324,0.8951502219244708,0.6038193723294913,0.030544608238057158,0.04305431911218814,0.5216143220827858,0.8619450049956331,1.3197934015283828,0.34331919420331614,0.029204052746733666,0.8937631189859182,4.565403570042169,6,nose_axis_bend_3d; nose_base_asym; brow_span_3d; midface_ratio; nose_base_width_3d
2010_02_11__66995147a003,2010_02_11__66995147a003.png,2010-02-11,1.2274600440489503,0.004288249077391226,1.1912847317470556,0.04795078758775667,0.41086450273339264,0.4640061967210728,0.05314169398768015,0.8824154441556851,0.4940246846391985,0.016881782502009567,0.0581776435532468,0.46679303631500985,0.9688258447722141,1.1306340380321185,0.25129717242718497,0.06255884040920365,0.8900801925877135,4.256781907711575,5,nose_base_asym; brow_eye_right_3d; brow_eye_left_3d; mouth_nose_offset; nose_axis_bend_3d
2008_01_05__7cc5adb4554f,2008_01_05__7cc5adb4554f.png,2008-01-05,1.232553169732231,0.035610626599268946,1.2260711818891523,0.008218688599236634,0.3947626861620014,0.37346031390449097,0.021302372257510416,0.9062578725485748,0.6347822498253876,0.02109829417246658,0.006201951072025973,0.5748657062480906,0.88934505248664,1.4540280744478706,0.5064746450753548,0.026614937206940692,0.9302695486653481,4.194397454512772,7,mouth_height_3d; nose_axis_bend_3d; nose_base_width_3d; eye_level_asym; mouth_width_3d
2003_08_04_5__ff990e8c18e9,2003_08_04_5__ff990e8c18e9.png,2003-08-04,1.2434332391120477,0.027379082611567407,1.2471047169809228,0.02085252226194012,0.3098922837077474,0.3159980096382914,0.0061057259305439815,0.8981439173969493,0.5340297596342554,0.013633887685999865,0.0635374359829112,0.5104793832548608,0.9997609998995581,1.2324791646847586,0.2882241376282947,0.056876005170928404,0.9746514246831975,3.8338651452914547,3,nose_base_asym; eye_level_asym; mouth_nose_offset; central_depth_contrast; brow_eye_right_3d
2008_02_14_3__d6f0e64ab9bf,2008_02_14_3__d6f0e64ab9bf.png,2008-02-14,1.1950273784685785,0.04355733015650909,1.1863562655150977,0.042487152066056355,0.31056183760863604,0.3312279413257049,0.02066610371706884,0.8363702603467973,0.49969422598694946,0.007786143081071638,0.058425944260311724,0.4365955460983279,0.9891730591176363,1.145880473888357,0.449628705107596,0.04534401024092628,0.8422322434148337,3.76894046072659,3,nose_base_asym; mouth_height_3d; nose_ridge_length_3d; brow_height_asym; mouth_nose_offset
2001_06_16_2__69d51850915d,2001_06_16_2__69d51850915d.png,2001-06-16,1.259952203317799,0.05372777678509688,1.2508566711521611,0.032999488848470704,0.31724004962394076,0.3286104218093018,0.011370372185361022,0.9065346839577872,0.52400901456354,0.01406272476017059,0.06176793454536135,0.49628683369352267,0.9702219288246903,1.195975642007967,0.36770634117770973,0.05330003325389439,0.9252663627250823,3.609080289937283,2,nose_base_asym; brow_height_asym; mouth_nose_offset; mouth_height_3d; nose_axis_bend_3d
2001_09_06_1__245c19779dd7,2001_09_06_1__245c19779dd7.png,2001-09-06,1.248027866455701,0.02564692092890941,1.2548306971368528,0.05060676397512198,0.2812847974935408,0.3262908068865647,0.045006009393023905,0.9336635003174328,0.4874771335684695,0.013830557023951386,0.0606697372051032,0.4831716579327638,1.0247702893166981,1.2067150204608323,0.25419176114684905,0.06045597425668105,0.9618687476805066,3.6000277117093917,2,nose_base_asym; mouth_nose_offset; nose_ridge_length_3d; central_depth_contrast; brow_eye_left_3d
2007_04_08__c233b8c9babd,2007_04_08__c233b8c9babd.png,2007-04-08,1.2651180617373234,0.01673109953277141,1.2586125596366038,0.041085935320231415,0.40565585549317856,0.4369515055837405,0.031295650090561955,0.9151142293161625,0.5280358398681675,0.01700172378995149,0.053241131403372374,0.4668678254129127,0.9364698524078013,1.1497482715451073,0.27503146984522775,0.02921063827375802,0.8924024286230599,3.469567064029055,4,nose_base_asym; brow_eye_left_3d; brow_eye_right_3d; nose_axis_bend_3d; nose_ridge_length_3d
2005_05_08__ebecb32e98dc,2005_05_08__ebecb32e98dc.png,2005-05-08,1.2170963318091772,0.032104401389556614,1.2263227116721918,0.04028628113218358,0.3448525353738104,0.3698417510058805,0.024989215632070128,0.8563464199861549,0.5175966041536105,0.011238551051651797,0.058259897866331185,0.4695886619040664,0.9682951689720892,1.1750025280119774,0.40993627812653466,0.055918652648009645,0.9141842278657404,3.356421986308418,3,nose_base_asym; mouth_height_3d; mouth_nose_offset; nose_ridge_length_3d; brow_span_3d
2000_05_09_2__bef8b5c58a70,2000_05_09_2__bef8b5c58a70.png,2000-05-09,1.2632134817613554,0.0614138834429212,1.3012804504437658,0.04808099599061788,0.3171047516473057,0.32261533530358577,0.005510583656280044,0.8952364759393389,0.543036965527775,0.011223224362960655,0.05644354405440155,0.45906026998822236,0.9328353032252639,1.2663727715558646,0.3037512726605113,0.02997026167777182,0.878421827350097,3.279653644874206,2,nose_base_asym; brow_height_asym; brow_eye_asym; brow_eye_right_3d; eye_anchor_spacing_3d
2012_01_25_2__682dc53e8340,2012_01_25_2__682dc53e8340.png,2012-01-25,1.2756152546799282,0.03451592455533392,1.2805461387248533,0.059300048450938836,0.31439699170600355,0.35298139207047463,0.03858440036447108,0.913067404231821,0.5625696669741038,0.012548686326792506,0.058319769210533015,0.500676017401533,0.9546491061655605,1.3416844478787153,0.19009029211153772,0.04905093525016711,0.9172763186050634,3.190500039326193,1,nose_base_asym; mouth_nose_offset; mouth_height_3d; mouth_width_3d; nose_base_width_3d
2005_05_10__4cf472db10cb,2005_05_10__4cf472db10cb.png,2005-05-10,1.2141131369683118,0.018648517408416887,1.204302542067477,0.04285729060976917,0.34041634180684593,0.3780108623197992,0.037594520512953256,0.8905220674063581,0.484372780362615,0.013830191681858815,0.058374169622148545,0.4535796857426398,1.0124106480570525,1.0871723998736342,0.3142297370611298,0.038736785179987035,0.8917931106976112,3.096285780171293,1,nose_base_asym; mouth_width_3d; nose_base_width_3d; nose_axis_bend_3d; mouth_nose_offset
1999_08_12_2__f8d0dfc4ed4d,1999_08_12_2__f8d0dfc4ed4d.png,1999-08-12,1.2483176390222281,0.03702125039218784,1.2670900802609248,0.03038556339636045,0.36846808380793894,0.384555122928645,0.01608703912070608,0.891754478188502,0.5300368254965222,0.011905220217954718,0.06005310025517902,0.4671713292973609,0.9357085906850172,1.137506296750648,0.3275567873767724,0.039826621898474725,0.9247756633604725,3.045504566467917,1,nose_base_asym; eye_level_asym; brow_eye_left_3d; mouth_nose_offset; mouth_width_3d
2009_09_24__a781e62958f6,2009_09_24__a781e62958f6.png,2009-09-24,1.2295701106074117,0.022348841469608915,1.2257964604067837,0.028315202416920426,0.32743900429589906,0.34502703144742436,0.0175880271515253,0.8920659883462542,0.5215652108791687,0.010083460582711094,0.055655838976172,0.4597323176296456,1.0046210734265004,1.2534277007523411,0.3370422272911797,0.05537590056388124,0.9069527420895586,3.003973441694388,2,nose_base_asym; mouth_nose_offset; eye_level_asym; mouth_height_3d; midface_ratio
2004_09_28__a2845eed8e20,2004_09_28__a2845eed8e20.png,2004-09-28,1.233838531288691,0.047823667027391714,1.2421966142366587,0.04288424591749396,0.31023420123773643,0.32435436330664574,0.014120162068909314,0.884466108056918,0.5223778649283592,0.010217454970485589,0.05601137075369553,0.4592043925485107,0.9863481327202515,1.23746786615867,0.2888157292042436,0.044934590009514594,0.9067301600353326,2.9803902196755345,1,nose_base_asym; brow_height_asym; mouth_nose_offset; brow_eye_right_3d; brow_eye_asym
1999_12_19__268029ccb16b,1999_12_19__268029ccb16b.png,1999-12-19,1.2712338440844801,0.008686716708122932,1.303435912607232,0.040179171020882865,0.3116990599693678,0.34793256162464115,0.03623350165527334,0.8963450580821029,0.5641387976847447,0.010242210499584318,0.05418543294019083,0.49227714270899825,0.901621490624693,1.2479035440122903,0.34315197307098155,0.05219781606123457,0.8908211343607803,2.9606932539978836,1,nose_base_asym; mouth_nose_offset; midface_ratio; eye_anchor_spacing_3d; nose_base_width_3d
2011_12_09_2__8ba7e14bd2da,2011_12_09_2__8ba7e14bd2da.png,2011-12-09,1.2671200103077007,0.019863475928966312,1.2513022154640536,0.05357756864854357,0.3334354589505238,0.3795117370930304,0.04607627814250659,0.9019840537080889,0.5306341422430442,0.009988420080664053,0.059129766758736046,0.48172461554841806,0.9736024721315929,1.2633999619211451,0.26048797439344085,0.0640746138052456,0.9166935109893576,2.831842620698824,2,nose_base_asym; mouth_nose_offset; brow_eye_asym; brow_span_3d; central_depth_contrast
2010_06_28__80f5c9f5d085,2010_06_28__80f5c9f5d085.png,2010-06-28,1.2911454426931592,0.014175602062159287,1.2561423776429024,0.0545784925330941,0.38699932380478613,0.4598654162709114,0.07286609246612524,0.8913256722735815,0.506631759269647,0.014052410464535526,0.02766384615046355,0.4677454337832192,0.9199336355549694,1.2156755311665206,0.23106276122202885,0.026124516838852863,0.7929337007719068,2.7070645685530472,3,brow_eye_right_3d; central_depth_contrast; brow_eye_asym; nose_base_asym; brow_eye_left_3d
2003_01_10__23b16927f674,2003_01_10__23b16927f674.png,2003-01-10,1.2457595396368673,0.03235941208836235,1.2856225522103697,0.03265354626156691,0.3519306821183621,0.3599681077947287,0.008037425676366616,0.9135323674579642,0.6063206044229527,0.013999444659235197,0.01140647128897234,0.5629618653682792,0.9255176556433468,1.4373479137242775,0.2981582888356221,0.00025745130942446404,0.9874862760587207,2.6323318602970476,4,mouth_width_3d; nose_base_width_3d; nose_projection_3d; central_depth_contrast; nose_axis_bend_3d
2010_01_07__3de50bb92856,2010_01_07__3de50bb92856.png,2010-01-07,1.2392118104920415,0.004400205920481737,1.2371753422417242,0.062379851125485164,0.3891409853019008,0.45667221503540134,0.06753122973350056,0.8653021668149399,0.5305357031882756,0.007892051660308836,0.02370054278837544,0.4477115595514707,0.9252962117264482,1.1897121911468302,0.2540697012747485,0.021499907220816253,0.7645368223809237,2.6264324234485503,2,central_depth_contrast; brow_eye_right_3d; brow_eye_left_3d; brow_eye_asym; nose_base_asym
2008_01_07_2__023e25b824ac,2008_01_07_2__023e25b824ac.png,2008-01-07,1.2326694021818783,0.01647538719551056,1.2463793932797744,0.05254613191514668,0.3506833251985744,0.3980921375511524,0.04740881235257799,0.8924896181557389,0.5086654522910187,0.0126603939482773,0.05675268023276154,0.46797996584959933,0.9537302411269135,1.203104515497301,0.264902173479706,0.035994286167206666,0.9121814989199444,2.575399969164518,1,nose_base_asym; brow_eye_right_3d; mouth_nose_offset; nose_axis_bend_3d; brow_eye_asym
2006_04_24_2__d9392a8c6bb9,2006_04_24_2__d9392a8c6bb9.png,2006-04-24,1.2466319560757528,0.025385589664886132,1.26977219110746,0.030827585653332434,0.360620679839891,0.38264904918095816,0.022028369341067167,0.876841843569673,0.5091607660588039,0.012959080098116037,0.049788218387467206,0.46510749282202063,0.9243755485921069,1.2139678930061342,0.22948404412320256,0.04122440202461003,0.8953203604784269,2.5462473313269314,1,nose_base_asym; eye_level_asym; mouth_nose_offset; brow_eye_left_3d; nose_axis_bend_3d
2003_02_10_1__3769e8a139ff,2003_02_10_1__3769e8a139ff.png,2003-02-10,1.232597143388747,0.0376720692371072,1.2422761016445387,0.049546496372175564,0.34783109820668473,0.3765234300231534,0.028692331816468686,0.8908302758129557,0.5385867106185379,0.011111863338396477,0.05920009533229913,0.4654066304957821,0.9821088987258701,1.1852117329492275,0.26205522906489853,0.028472976119047547,0.9094506928904257,2.4993017069764005,1,nose_base_asym; brow_height_asym; nose_projection_3d; brow_eye_left_3d; mouth_nose_offset
2001_06_16__71d032996fa8,2001_06_16__71d032996fa8.png,2001-06-16,1.319541074776486,0.02103348352520973,1.2999422128966414,0.0453850945423796,0.34903178770154464,0.37590447611561795,0.02687268841407331,0.879712967577281,0.5902779207626383,0.008184268575764563,0.03352979758232605,0.5061148996218517,0.9000842855488114,1.3475749486443032,0.3217988621739002,0.014908800998511579,0.8187224410825245,2.493102736678927,2,nose_base_asym; brow_span_3d; nose_base_width_3d; central_depth_contrast; mouth_width_3d
2008_02_01__1c9577a6c773,2008_02_01__1c9577a6c773.png,2008-02-01,1.238146951904111,0.03933371743402003,1.2820649635144918,0.045777627311546776,0.3342723741458176,0.35583326385780684,0.021560889711989217,0.8848052953111436,0.5022856993921188,0.013043474866703736,0.05143472642583404,0.4738032766743127,0.9350237107887793,1.2033489444995829,0.2512855920440509,0.035960186623029675,0.9041020380477783,2.4588778813881413,1,nose_base_asym; brow_height_asym; nose_axis_bend_3d; mouth_nose_offset; nose_base_width_3d
2012_03_05__99b28879de92,2012_03_05__99b28879de92.png,2012-03-05,1.2985507424244678,0.017568174675294035,1.3098900002411047,0.031758777227756885,0.2991548587034777,0.31663620436886175,0.017481345665384063,0.8998598983442359,0.588914203817281,0.009931848479813491,0.012714231834816899,0.5657190521127022,0.9157025161897783,1.4570024860205242,0.2798518360916734,0.028257235527368155,0.930172944980895,2.444661728656872,2,mouth_width_3d; nose_projection_3d; nose_base_width_3d; brow_span_3d; brow_eye_right_3d
2011_03_01__7cb427856761,2011_03_01__7cb427856761.png,2011-03-01,1.2354205995506589,0.01604582323380388,1.1972464083662602,0.0642310689896976,0.3552663216507696,0.4410073913663387,0.08574106971556911,0.8411098735187426,0.48642294461211383,0.008111169746657845,0.01192034915033333,0.4558541672138792,1.0014035288477554,1.2073215639663204,0.25318337105111033,0.03617231116088775,0.8489078930192315,2.4077225138552087,2,brow_eye_asym; brow_eye_right_3d; nose_ridge_length_3d; nose_base_width_3d; eye_level_asym
2003_10_10__72f1e0141a60,2003_10_10__72f1e0141a60.png,2003-10-10,1.3074574150486518,0.0031622440171859,1.3187161384861619,0.03360838082911621,0.3159288204219054,0.3452663737816815,0.029337553359776114,0.8929724235095374,0.5900329853482792,0.0168551380904542,0.008083225577361207,0.5535648639323607,0.8877805856360195,1.3819875034312614,0.33501875514076207,0.005369363791816899,0.911217125179183,2.3991373076400473,1,nose_axis_bend_3d; mouth_width_3d; nose_base_width_3d; nose_projection_3d; midface_ratio
2007_12_30__bdd0bc1da63f,2007_12_30__bdd0bc1da63f.png,2007-12-30,1.2854059862125322,0.018302206555672718,1.2922188045778598,0.04974861316577717,0.3170998150647224,0.3480867247428944,0.030986909678172025,0.900089624796671,0.6034561295657421,0.01041995172540877,0.014236715805741876,0.5663553991615047,0.925763757506531,1.4655421913697904,0.2405976307393599,0.02662510572456825,0.9198518926853527,2.3919872815330008,3,mouth_width_3d; nose_base_width_3d; nose_projection_3d; brow_span_3d; eye_anchor_spacing_3d
2007_09_13__b79f7e4fa307,2007_09_13__b79f7e4fa307.png,2007-09-13,1.232344839360859,0.048979242863912864,1.259170381020514,0.03947654182331228,0.32177208980380206,0.32211220850463196,0.0003401187008298945,0.9147728726286619,0.5907968163294864,0.01454530489646742,0.012823137272764504,0.5540224322923921,0.9517683702618492,1.3909461845205922,0.3237821863708009,0.009187505359502295,0.9457596357117557,2.3477322910535836,1,mouth_width_3d; nose_base_width_3d; brow_height_asym; nose_projection_3d; brow_eye_asym
2006_12_21__4a0f42ab7782,2006_12_21__4a0f42ab7782.png,2006-12-21,1.1986362211361552,0.022466431478519122,1.2026453218328073,0.05904629252381188,0.399196186837908,0.4410944719719288,0.04189828513402083,0.8503065567864716,0.5234993072771333,0.008080954406563824,0.012944385140787926,0.44342833501779055,0.9573898208326006,1.1638344395046503,0.28489999799159127,0.007673331419560246,0.8221761305149496,2.257947795245626,2,brow_eye_right_3d; brow_eye_left_3d; nose_ridge_length_3d; central_depth_contrast; brow_span_3d
2008_02_12_2__5915242188c1,2008_02_12_2__5915242188c1.png,2008-02-12,1.284866818926882,0.019359756299084707,1.2559558372692352,0.030048934979057695,0.36531389468308373,0.3835815206382162,0.018267625955132483,0.8724844812278076,0.4836483881485907,0.011787997726954623,0.0010705186025625549,0.4457415879433217,0.9381604169258062,1.1106506440828179,0.2794215186255673,0.0018368262099729693,0.7914780347670014,2.248482402079074,2,nose_base_asym; central_depth_contrast; eye_level_asym; nose_base_width_3d; mouth_width_3d
2011_02_24_2__d7e36165ddcb,2011_02_24_2__d7e36165ddcb.png,2011-02-24,1.290585915793988,0.03612935348687418,1.2910975878503295,0.027866109494735336,0.35234049161063685,0.35107758488933827,0.0012629067212985845,0.8790628815640806,0.6082020179550924,0.006587981088159179,0.014982148294689232,0.4991731757576302,0.9361565970131366,1.3831095963467275,0.24021481487448493,0.010766664372559125,0.911183411294729,2.2306678823568564,2,nose_base_width_3d; mouth_width_3d; eye_level_asym; brow_eye_asym; brow_span_3d
2010_07_19__fc479667e703,2010_07_19__fc479667e703.png,2010-07-19,1.3163985856854783,0.023284491775885208,1.2713603952481436,0.039994129334393946,0.35542022861610273,0.3788543047668708,0.02343407615076809,0.8559160785539998,0.5203571504332967,0.009755535907193726,0.020481324363467474,0.4514824477390963,0.9199552919808454,1.1379450941893552,0.2649643970517852,0.00558493081631109,0.7349746141791504,2.216550521091861,1,central_depth_contrast; brow_span_3d; nose_ridge_length_3d; mouth_width_3d; midface_ratio
2002_11_01__91b483a91623,2002_11_01__91b483a91623.png,2002-11-01,1.2519317026292296,0.04318156927082162,1.2617110394326965,0.0497824811310742,0.3263969931045195,0.340422106588486,0.014025113483966511,0.9130919923400547,0.5927632381112493,0.008633016997649757,0.019222893401803852,0.5430445536486809,0.9737327398487753,1.4160953644287557,0.3269313656002242,0.019926150503761744,0.9503183914234681,2.171407563719505,1,mouth_width_3d; nose_base_width_3d; nose_projection_3d; brow_height_asym; central_depth_contrast
2007_11_20__c27cb3b07a3c,2007_11_20__c27cb3b07a3c.png,2007-11-20,1.1942304351367947,0.020997033210994887,1.1825919018949214,0.05815476873067804,0.28132839064139425,0.3270666273682085,0.04573823672681426,0.8359348904042058,0.4880978619972159,0.008098328968496018,0.013368434243921595,0.46080402843302304,1.0138428220456028,1.1566097705367862,0.3655928861821748,0.02491628804003823,0.801742213270192,2.1586240287460927,2,nose_ridge_length_3d; central_depth_contrast; brow_eye_left_3d; mouth_height_3d; brow_span_3d
2005_06_28__422c53a1b9ba,2005_06_28__422c53a1b9ba.png,2005-06-28,1.2313083635051918,0.0035605965092537772,1.20762991382316,0.047210193576541326,0.31274905169285017,0.3718457223635953,0.059096670670745144,0.8443830227313875,0.5014940258579071,0.007073954595098756,0.015632182034473103,0.5018139985787891,0.9517987649553998,1.1388489070805838,0.45258342873958235,0.03729694780073681,0.8770509572835747,2.130416682931592,1,mouth_height_3d; nose_ridge_length_3d; brow_eye_asym; brow_height_asym; mouth_nose_offset
2008_01_12__0fa6831a685b,2008_01_12__0fa6831a685b.png,2008-01-12,1.2906448258733292,0.012187383805797758,1.2636048760793672,0.033710067877087746,0.378912039901918,0.4062813554344681,0.027369315532550065,0.8644158703318866,0.5182594914862585,0.015741022674822885,0.0036787612950103035,0.47076827618581857,0.9048721861310164,1.1707570264388218,0.2839285165195603,0.002170926576770933,0.8183860078167551,2.107156851258256,1,nose_base_asym; nose_axis_bend_3d; central_depth_contrast; brow_eye_left_3d; midface_ratio
2010_09_20_2__89a2ee86126a,2010_09_20_2__89a2ee86126a.png,2010-09-20,1.3060313829256678,0.01498991455375398,1.2945341586518877,0.03421049449530944,0.3259495751826395,0.34833216483897433,0.022382589656334828,0.8918300122136882,0.5879655269001802,0.00877554154998416,0.01065610367195971,0.5297969829968785,0.8961959030135193,1.3685186145798014,0.2714460507219071,0.0011225306243052707,0.8287228866864991,2.0691856341158363,0,nose_base_width_3d; mouth_width_3d; brow_span_3d; midface_ratio; central_depth_contrast
