a_filename,b_filename,c_filename,a_date,b_date,c_date,d_ab,d_bc,d_ac,aba_score_geometry,return_features_count,return_features
2008_01_12__0fa6831a685b.png,2008_02_01__1c9577a6c773.png,2008_02_12_2__5915242188c1.png,2008-01-12,2008-02-01,2008-02-12,2.7478544287640516,2.847244065217311,0.7455571366211982,2.051992110369483,8,nose_base_asym; central_depth_contrast; mouth_nose_offset; brow_height_asym; brow_span_3d; eye_level_asym
2003_06_21__ac7632b62d02.png,2003_08_04_5__ff990e8c18e9.png,2003_10_10_2__fdf2604badbd.png,2003-06-21,2003-08-04,2003-10-10,3.0584925993320433,3.205481012275627,1.3841009115220075,1.7478858942818276,2,nose_base_asym; nose_ridge_length_3d
2008_02_01__1c9577a6c773.png,2008_02_12_2__5915242188c1.png,2008_02_14_3__d6f0e64ab9bf.png,2008-02-01,2008-02-12,2008-02-14,2.847244065217311,3.4259624017945285,1.711514172559458,1.4250890609464615,5,mouth_nose_offset; brow_height_asym; eye_level_asym; brow_eye_left_3d; brow_eye_right_3d
2004_09_24__b548f1ec1542.png,2004_09_28__a2845eed8e20.png,2004_11_21__f960ff2a830e.png,2004-09-24,2004-09-28,2004-11-21,2.138488701141092,2.1769815454292405,0.8349771414139632,1.3227579818712032,6,nose_base_asym; mouth_nose_offset; brow_height_asym; midface_ratio; nose_ridge_length_3d; eye_anchor_spacing_3d
2007_03_14__84a9e9985ee5.png,2007_04_08__c233b8c9babd.png,2007_04_13__d0fcd06eb526.png,2007-03-14,2007-04-08,2007-04-13,2.5194093709247873,2.528633225267028,1.256863255359157,1.2671580427367504,4,nose_base_asym; brow_eye_left_3d; nose_axis_bend_3d; mouth_nose_offset
2003_01_10__23b16927f674.png,2003_02_10_1__3769e8a139ff.png,2003_02_10__8b8a3de48d19.png,2003-01-10,2003-02-10,2003-02-10,2.982410619875284,2.3921865910747515,1.4787936895332272,1.2085049159417907,5,nose_base_asym; midface_ratio; mouth_nose_offset; eye_anchor_spacing_3d; brow_eye_asym
2001_06_16_2__69d51850915d.png,2001_06_16__71d032996fa8.png,2001_09_06_1__245c19779dd7.png,2001-06-16,2001-06-16,2001-09-06,2.3536097263990947,2.7010203065978278,1.3322135717009806,1.1951014447974804,7,nose_base_asym; mouth_nose_offset; mouth_width_3d; nose_axis_bend_3d; brow_span_3d; brow_eye_right_3d
2008_02_12_2__5915242188c1.png,2008_02_14_3__d6f0e64ab9bf.png,2008_02_29__d7c336b04f11.png,2008-02-12,2008-02-14,2008-02-29,3.4259624017945285,2.621200325283885,1.8337034630610665,1.1898779004781403,4,mouth_nose_offset; brow_height_asym; nose_ridge_length_3d; eye_anchor_spacing_3d
2003_10_10__72f1e0141a60.png,2003_10_16__faa3a4aaff20.png,2003_12_31__74aef83c2fd7.png,2003-10-10,2003-10-16,2003-12-31,2.3386488304880326,2.7329639548605402,1.3493729236391454,1.186433469035141,2,brow_height_asym; brow_eye_left_3d
1999_10_23__9487fe3a5a1d.png,1999_12_19__268029ccb16b.png,2000_01_14__71a2978f8963.png,1999-10-23,1999-12-19,2000-01-14,2.321095364097906,2.286071593465621,1.2920414794090969,1.0115419993726664,1,nose_base_asym
2007_09_13__b79f7e4fa307.png,2007_11_20__c27cb3b07a3c.png,2007_12_15__e21ff84a9a10.png,2007-09-13,2007-11-20,2007-12-15,2.5275892710235253,1.9994655695613042,1.3343476873171964,0.9291797329752185,7,nose_ridge_length_3d; central_depth_contrast; nose_projection_3d; eye_anchor_spacing_3d; nose_axis_bend_3d; midface_ratio
2009_09_19__3227c25726be.png,2009_09_24__a781e62958f6.png,2009_10_19_2__ea77b8163b39.png,2009-09-19,2009-09-24,2009-10-19,2.6361573885948357,2.3742245840081906,1.6295693395373203,0.8756216467641929,5,nose_base_asym; eye_level_asym; midface_ratio; nose_projection_3d; nose_base_width_3d
2011_05_05__4dc7e9cc8e00.png,2011_06_21__0d8e18daf476.png,2011_07_20__5bc817e4e8f9.png,2011-05-05,2011-06-21,2011-07-20,1.6451159158250308,1.4001088139776914,0.7331153460602668,0.7894970188410944,5,brow_height_asym; brow_eye_right_3d; brow_eye_asym; brow_eye_left_3d; eye_anchor_spacing_3d
2006_08_03__e6dd3fd0f342.png,2006_10_11__cb83f4b73aca.png,2006_11_10__6a4841acc11b.png,2006-08-03,2006-10-11,2006-11-10,1.6358080341694314,1.7846071270305877,0.940338271857571,0.7698693087424384,5,brow_height_asym; mouth_height_3d; brow_eye_asym; eye_level_asym; nose_ridge_length_3d
2006_01_07__8b5e0825527e.png,2006_04_24_2__d9392a8c6bb9.png,2006_06_02_2__458b8e8ca007.png,2006-01-07,2006-04-24,2006-06-02,1.9957639037854187,2.490370369651976,1.5255917630053382,0.7174753737133595,2,mouth_nose_offset; eye_anchor_spacing_3d
2010_01_07__3de50bb92856.png,2010_02_11__66995147a003.png,2010_03_17_2__d93fd26740a2.png,2010-01-07,2010-02-11,2010-03-17,2.3235298177302495,2.8984174251089754,1.9720750821889337,0.6388985392306785,2,nose_base_width_3d; eye_anchor_spacing_3d
2010_11_01_3__3140353e0379.png,2010_11_01__7e0576e152de.png,2010_11_05_2__9eedef9c9490.png,2010-11-01,2010-11-01,2010-11-05,1.5332474542194934,1.794390320892537,1.0319403939070704,0.6318784936489448,4,central_depth_contrast; mouth_nose_offset; nose_base_width_3d; eye_level_asym
2005_07_25__d7f208557884.png,2005_08_26__13a78f673740.png,2005_09_03__e377b3477c75.png,2005-07-25,2005-08-26,2005-09-03,1.2891992235259928,1.7100032722966738,0.8680292206195136,0.6315720272918198,3,nose_base_asym; brow_eye_left_3d; brow_height_asym
2001_04_14__1e62238ac16a.png,2001_06_16_2__69d51850915d.png,2001_06_16__71d032996fa8.png,2001-04-14,2001-06-16,2001-06-16,2.6849521006768313,2.3536097263990947,1.910182163238522,0.6090987502994407,3,nose_axis_bend_3d; brow_eye_right_3d; eye_level_asym
2000_05_08_3__269c19d69c54.png,2000_05_09_2__bef8b5c58a70.png,2000_05_09__f521e8b04028.png,2000-05-08,2000-05-09,2000-05-09,2.3879034520943145,1.8079852468205437,1.510125860918514,0.5878184885389153,2,brow_height_asym; mouth_nose_offset
2000_07_08__af2f680df36f.png,2000_07_23__5f52c4b8b456.png,2001_02_27_3__19b6ca387359.png,2000-07-08,2000-07-23,2001-02-27,1.7695185354073224,1.6486736700242437,1.1388577680629501,0.570238334652833,7,nose_axis_bend_3d; midface_ratio; brow_span_3d; eye_anchor_spacing_3d; nose_base_asym; nose_base_width_3d
2006_12_21__4a0f42ab7782.png,2007_01_01__2768afcf0ae7.png,2007_01_15__38cac42dd463.png,2006-12-21,2007-01-01,2007-01-15,2.0986542809407545,1.4623685385837553,1.2141212778280124,0.5663901319342426,4,eye_level_asym; mouth_width_3d; nose_projection_3d; brow_eye_asym
2010_10_16__14bfb097ffa7.png,2010_11_01_3__3140353e0379.png,2010_11_01__7e0576e152de.png,2010-10-16,2010-11-01,2010-11-01,1.322816586549364,1.5332474542194934,0.8682908984967945,0.5597411218876343,6,mouth_nose_offset; nose_base_width_3d; mouth_height_3d; nose_axis_bend_3d; nose_projection_3d; midface_ratio
2006_06_02_2__458b8e8ca007.png,2006_07_14__17aab6062ef7.png,2006_07_15__1090d2b5f85f.png,2006-06-02,2006-07-14,2006-07-15,2.1438626382075223,1.273880932642833,1.212973700804507,0.49589808462067064,3,mouth_width_3d; central_depth_contrast; nose_axis_bend_3d
2007_09_07__d22877d53827.png,2007_09_13__b79f7e4fa307.png,2007_11_20__c27cb3b07a3c.png,2007-09-07,2007-09-13,2007-11-20,2.5437356274030996,2.5275892710235253,2.049235400468579,0.4864270487447331,5,central_depth_contrast; nose_projection_3d; brow_eye_asym; nose_axis_bend_3d; eye_level_asym
2001_02_27_3__19b6ca387359.png,2001_02_27__fb61b453ec73.png,2001_03_23__e0ecdfe4b1e3.png,2001-02-27,2001-02-27,2001-03-23,1.087309289792793,1.7112029787999938,1.0064154094870998,0.39284072480929355,3,mouth_height_3d; nose_base_width_3d; mouth_width_3d
2008_01_05__7cc5adb4554f.png,2008_01_07_2__023e25b824ac.png,2008_01_07__8cdca7ad7769.png,2008-01-05,2008-01-07,2008-01-07,3.7137485218723265,2.2347494485669,2.60602425967019,0.3682247255494233,0,
2000_06_14__212639178b9b.png,2000_07_08__af2f680df36f.png,2000_07_23__5f52c4b8b456.png,2000-06-14,2000-07-08,2000-07-23,1.2254202920344353,1.7695185354073224,1.1300360102024178,0.367433403518461,5,mouth_height_3d; eye_anchor_spacing_3d; nose_ridge_length_3d; eye_level_asym; brow_span_3d
2003_05_27__2ae6d9853e43.png,2003_05_31__e9ac5dbfdd44.png,2003_06_01__f274abb4ab60.png,2003-05-27,2003-05-31,2003-06-01,0.9723560236583819,1.015687329515941,0.6297723948191919,0.36424928176796956,2,mouth_height_3d; nose_base_width_3d
2009_03_28__bad9e42a4be4.png,2009_04_22__07d0c33f0411.png,2009_04_27__f9e5a1392d8e.png,2009-03-28,2009-04-22,2009-04-27,0.7327968681239876,0.9235007902711412,0.46557033174898194,0.36257849744858245,3,nose_ridge_length_3d; brow_span_3d; central_depth_contrast
2008_11_19__c68501438887.png,2008_12_04__a44ee4e0195d.png,2009_01_28__54256cf39c87.png,2008-11-19,2008-12-04,2009-01-28,1.5253787880006464,1.4073562287011459,1.112808043836163,0.3535594645147331,4,central_depth_contrast; brow_height_asym; mouth_width_3d; mouth_nose_offset
2001_02_27__fb61b453ec73.png,2001_03_23__e0ecdfe4b1e3.png,2001_03_29__a39e57f1bc9a.png,2001-02-27,2001-03-23,2001-03-29,1.7112029787999938,1.2899510768340057,1.1519110798751662,0.3486659479418335,6,brow_eye_right_3d; nose_base_width_3d; brow_eye_left_3d; brow_eye_asym; eye_level_asym; mouth_width_3d
2001_09_06_1__245c19779dd7.png,2001_11_01__431490e159af.png,2001_11_05__b352749108db.png,2001-09-06,2001-11-01,2001-11-05,3.3366360119925536,3.4592035779619335,3.0878070671021973,0.3101127278750462,5,mouth_width_3d; eye_level_asym; brow_eye_asym; nose_projection_3d; eye_anchor_spacing_3d
2001_06_16__71d032996fa8.png,2001_09_06_1__245c19779dd7.png,2001_11_01__431490e159af.png,2001-06-16,2001-09-06,2001-11-01,2.7010203065978278,3.3366360119925536,2.713774595096902,0.30505356419828855,4,nose_base_width_3d; nose_ridge_length_3d; brow_eye_left_3d; eye_anchor_spacing_3d
2011_03_22__bc4246c3109c.png,2011_04_14__a8e0e9263ab9.png,2011_04_24__f6e7f77016ec.png,2011-03-22,2011-04-14,2011-04-24,1.3158346128676985,1.5327440304505813,1.1352458946826907,0.28904342697644925,5,brow_eye_right_3d; brow_height_asym; brow_eye_left_3d; mouth_height_3d; mouth_width_3d
2007_12_30__bdd0bc1da63f.png,2008_01_05__7cc5adb4554f.png,2008_01_07_2__023e25b824ac.png,2007-12-30,2008-01-05,2008-01-07,2.3441395707936956,3.7137485218723265,2.785985971997046,0.24295807433596517,5,mouth_height_3d; eye_level_asym; nose_axis_bend_3d; brow_height_asym; midface_ratio
2005_10_05__bce8361b3016.png,2005_10_25__348bc2e79c0e.png,2006_01_07__8b5e0825527e.png,2005-10-05,2005-10-25,2006-01-07,1.637363976766975,1.6262638106821907,1.4167599227497678,0.21505397097481516,3,nose_projection_3d; nose_base_width_3d; mouth_nose_offset
2010_09_20_2__89a2ee86126a.png,2010_10_16__14bfb097ffa7.png,2010_11_01_3__3140353e0379.png,2010-09-20,2010-10-16,2010-11-01,1.4653528205087734,1.322816586549364,1.184625420007383,0.20945928352168575,5,central_depth_contrast; mouth_nose_offset; brow_height_asym; nose_axis_bend_3d; midface_ratio
2008_06_26__bed71e0ccc74.png,2008_07_14__5a2af27b6bc8.png,2008_07_28__649a348723ff.png,2008-06-26,2008-07-14,2008-07-28,1.0028314155329223,0.9434875818189822,0.782461529393267,0.19069796928268523,2,midface_ratio; nose_ridge_length_3d
2008_10_30__f32c7fd7c3c1.png,2008_11_19__c68501438887.png,2008_12_04__a44ee4e0195d.png,2008-10-30,2008-11-19,2008-12-04,0.9840530473066131,1.5253787880006464,1.0845458057686104,0.1701701118850194,2,nose_base_width_3d; mouth_width_3d
2000_01_14__71a2978f8963.png,2000_01_25__abb13fb9f924.png,2000_01_26__491e4b1a2e04.png,2000-01-14,2000-01-25,2000-01-26,0.7169796387900932,1.271112538941969,0.8307555606430104,0.16329052822302081,2,nose_base_width_3d; mouth_width_3d
2009_06_03__4db76aa26c0a.png,2009_06_10__6294280d8f6b.png,2009_08_24__f8294b3bf327.png,2009-06-03,2009-06-10,2009-08-24,1.3736705698239244,0.9529949039427655,1.0161021907024543,0.1472305461808907,2,eye_level_asym; nose_ridge_length_3d
2010_03_26_2__47ed13ad536e.png,2010_06_28__80f5c9f5d085.png,2010_07_19__fc479667e703.png,2010-03-26,2010-06-28,2010-07-19,1.1216939220468884,1.5150339306017022,1.179976424888408,0.1383875014358873,4,brow_eye_right_3d; nose_base_asym; nose_axis_bend_3d; brow_eye_left_3d
2004_11_21__f960ff2a830e.png,2005_04_10__1805ec77ee6b.png,2005_05_01__6dfbdcfbb01e.png,2004-11-21,2005-04-10,2005-05-01,0.8811232099431734,1.4688911512011966,1.036737305674923,0.13826987489726217,3,nose_base_asym; mouth_height_3d; mouth_width_3d
2010_11_11__542e7ea9e454.png,2010_12_16__63103bd2e9dd.png,2011_01_14__9c042350b198.png,2010-11-11,2010-12-16,2011-01-14,0.9782944932894486,1.3522176861282302,1.0279370795205187,0.1373190101883206,2,mouth_height_3d; eye_level_asym
2006_11_10__6a4841acc11b.png,2006_12_21__4a0f42ab7782.png,2007_01_01__2768afcf0ae7.png,2006-11-10,2006-12-21,2007-01-01,1.3632024222761936,2.0986542809407545,1.5996448811525525,0.13128347045592137,2,brow_eye_left_3d; mouth_width_3d
2008_12_04__a44ee4e0195d.png,2009_01_28__54256cf39c87.png,2009_03_28__bad9e42a4be4.png,2008-12-04,2009-01-28,2009-03-28,1.4073562287011459,1.2009372653146446,1.1987329570911156,0.10541378991677974,3,brow_height_asym; nose_ridge_length_3d; brow_eye_asym
2007_04_13__d0fcd06eb526.png,2007_08_02__5c6c7977163b.png,2007_08_03_2__1cff200676db.png,2007-04-13,2007-08-02,2007-08-03,1.0586594044907396,1.1722300201723315,1.0288375054080583,0.08660720692347734,3,mouth_height_3d; midface_ratio; mouth_nose_offset
2010_08_03__f404f7dc0b6b.png,2010_09_20_2__89a2ee86126a.png,2010_10_16__14bfb097ffa7.png,2010-08-03,2010-09-20,2010-10-16,1.2798578694642013,1.4653528205087734,1.3084640885439855,0.0641412564425019,4,midface_ratio; mouth_nose_offset; mouth_width_3d; nose_base_width_3d
2002_11_01__91b483a91623.png,2002_12_02__c759b9171ecc.png,2003_01_10__23b16927f674.png,2002-11-01,2002-12-02,2003-01-10,1.26031488393371,0.9513159529089209,1.046538318259127,0.059277100162188345,2,brow_height_asym; nose_ridge_length_3d
2003_02_10__8b8a3de48d19.png,2003_02_23__d83f5fd3cb0e.png,2003_03_09__d963c3a2a7fd.png,2003-02-10,2003-02-23,2003-03-09,1.4783685565845757,1.2161425598480018,1.2971066881450384,0.05014887007125046,3,nose_base_width_3d; nose_projection_3d; nose_ridge_length_3d
2003_02_23__d83f5fd3cb0e.png,2003_03_09__d963c3a2a7fd.png,2003_05_27__2ae6d9853e43.png,2003-02-23,2003-03-09,2003-05-27,1.2161425598480018,0.9383955464214052,1.0332734350655928,0.04399561806911079,2,nose_base_asym; eye_level_asym
2012_05_08_3__b904d13d5826.png,2012_05_15__b96d935cf377.png,2012_07_11__a475f393ba1c.png,2012-05-08,2012-05-15,2012-07-11,1.2523522291811646,0.8831935429861238,1.0367561791566298,0.031016706927014415,2,brow_eye_asym; brow_height_asym
2011_04_14__a8e0e9263ab9.png,2011_04_24__f6e7f77016ec.png,2011_05_05__4dc7e9cc8e00.png,2011-04-14,2011-04-24,2011-05-05,1.5327440304505813,0.9823001897660312,1.2384153951444923,0.019106714963813998,4,midface_ratio; nose_axis_bend_3d; nose_ridge_length_3d; nose_base_width_3d
2008_03_02__0921b0aaaea1.png,2008_04_28__59ebffc06e1d.png,2008_05_14__8c59f8c2941d.png,2008-03-02,2008-04-28,2008-05-14,1.1332671016782727,1.0409398307287956,1.0690519131030995,0.018051553100434603,3,nose_projection_3d; central_depth_contrast; mouth_width_3d
2006_07_15__1090d2b5f85f.png,2006_08_03__e6dd3fd0f342.png,2006_10_11__cb83f4b73aca.png,2006-07-15,2006-08-03,2006-10-11,1.2412128255525783,1.6358080341694314,1.4231719436280947,0.015338486232910231,2,mouth_height_3d; nose_base_width_3d
2010_06_28__80f5c9f5d085.png,2010_07_19__fc479667e703.png,2010_08_03__f404f7dc0b6b.png,2010-06-28,2010-07-19,2010-08-03,1.5150339306017022,1.4154745640821722,1.4534670651565342,0.011787182185402978,4,nose_ridge_length_3d; central_depth_contrast; mouth_nose_offset; nose_base_asym
2008_07_28__649a348723ff.png,2008_10_30__f32c7fd7c3c1.png,2008_11_19__c68501438887.png,2008-07-28,2008-10-30,2008-11-19,0.8579158002052005,0.9840530473066131,0.9508067938231064,-0.029822370067199566,2,mouth_height_3d; nose_projection_3d
2009_10_29__e12fd98ba226.png,2009_11_25__d6449a26fbe8.png,2009_12_10_2__e94160bb38b8.png,2009-10-29,2009-11-25,2009-12-10,1.5750805988182162,1.1871449720907856,1.4247172181852754,-0.04360443273077452,2,mouth_width_3d; brow_eye_right_3d
2003_03_09__d963c3a2a7fd.png,2003_05_27__2ae6d9853e43.png,2003_05_31__e9ac5dbfdd44.png,2003-03-09,2003-05-27,2003-05-31,0.9383955464214052,0.9723560236583819,1.0005362916033098,-0.04516050656341619,1,mouth_height_3d
2010_11_01__7e0576e152de.png,2010_11_05_2__9eedef9c9490.png,2010_11_11__542e7ea9e454.png,2010-11-01,2010-11-05,2010-11-11,1.794390320892537,1.3471516544382327,1.6195892931268154,-0.04881830546143062,1,brow_height_asym
2007_08_03_2__1cff200676db.png,2007_09_07__d22877d53827.png,2007_09_13__b79f7e4fa307.png,2007-08-03,2007-09-07,2007-09-13,1.6893082684027105,2.5437356274030996,2.165684730189942,-0.049162782287036855,5,nose_base_asym; brow_span_3d; brow_eye_left_3d; nose_axis_bend_3d; mouth_height_3d
2008_01_07__8cdca7ad7769.png,2008_01_12__0fa6831a685b.png,2008_02_01__1c9577a6c773.png,2008-01-07,2008-01-12,2008-02-01,1.245878423899305,2.7478544287640516,2.053026371996347,-0.056159945664668864,4,brow_eye_left_3d; mouth_nose_offset; brow_eye_right_3d; nose_ridge_length_3d
2005_08_26__13a78f673740.png,2005_09_03__e377b3477c75.png,2005_10_05__bce8361b3016.png,2005-08-26,2005-09-03,2005-10-05,1.7100032722966738,1.0236958789441692,1.4374169261043623,-0.0705673504839408,1,mouth_height_3d
2009_11_25__d6449a26fbe8.png,2009_12_10_2__e94160bb38b8.png,2010_01_07__3de50bb92856.png,2009-11-25,2009-12-10,2010-01-07,1.1871449720907856,1.4811827545984069,1.40616943612598,-0.07200557278138375,3,brow_eye_asym; brow_height_asym; nose_axis_bend_3d
2011_02_24_2__d7e36165ddcb.png,2011_03_01__7cb427856761.png,2011_03_22__bc4246c3109c.png,2011-02-24,2011-03-01,2011-03-22,2.5741970487088595,0.9877821925893157,1.8640404199201122,-0.08305079927102454,2,nose_ridge_length_3d; midface_ratio
2000_05_09__f521e8b04028.png,2000_06_14__212639178b9b.png,2000_07_08__af2f680df36f.png,2000-05-09,2000-06-14,2000-07-08,1.4212790694692188,1.2254202920344353,1.4071654501016646,-0.08381576934983759,3,eye_level_asym; nose_projection_3d; brow_eye_left_3d
2009_04_27__f9e5a1392d8e.png,2009_06_03__4db76aa26c0a.png,2009_06_10__6294280d8f6b.png,2009-04-27,2009-06-03,2009-06-10,0.9743703628942509,1.3736705698239244,1.2661337366111893,-0.0921132702521017,1,mouth_height_3d
2009_08_24__f8294b3bf327.png,2009_08_29__91867a6526c5.png,2009_09_19__3227c25726be.png,2009-08-24,2009-08-29,2009-09-19,0.9744744934648364,1.418493346234892,1.3088632113401868,-0.11237929149032255,1,eye_level_asym
2008_07_14__5a2af27b6bc8.png,2008_07_28__649a348723ff.png,2008_10_30__f32c7fd7c3c1.png,2008-07-14,2008-07-28,2008-10-30,0.9434875818189822,0.8579158002052005,1.0209407525353313,-0.12023906152324004,3,eye_anchor_spacing_3d; nose_ridge_length_3d; brow_span_3d
2001_03_23__e0ecdfe4b1e3.png,2001_03_29__a39e57f1bc9a.png,2001_04_14__1e62238ac16a.png,2001-03-23,2001-03-29,2001-04-14,1.2899510768340057,0.8339213552058918,1.205703059451817,-0.14376684343186819,2,mouth_width_3d; brow_eye_asym
2006_10_11__cb83f4b73aca.png,2006_11_10__6a4841acc11b.png,2006_12_21__4a0f42ab7782.png,2006-10-11,2006-11-10,2006-12-21,1.7846071270305877,1.3632024222761936,1.7189369551062847,-0.14503218045289423,4,mouth_height_3d; mouth_width_3d; mouth_nose_offset; eye_level_asym
2012_01_25_2__682dc53e8340.png,2012_03_05__99b28879de92.png,2012_05_08_3__b904d13d5826.png,2012-01-25,2012-03-05,2012-05-08,2.6707340057299067,1.5139601701953633,2.252687768328224,-0.1603406803655889,2,nose_projection_3d; midface_ratio
2003_12_31__74aef83c2fd7.png,2004_01_15__28173705e988.png,2004_04_14_2__94ea1ed0423e.png,2003-12-31,2004-01-15,2004-04-14,1.5264516971978204,1.1929443467043328,1.5447494891234312,-0.18505146717235466,2,brow_eye_asym; brow_eye_right_3d
2009_06_10__6294280d8f6b.png,2009_08_24__f8294b3bf327.png,2009_08_29__91867a6526c5.png,2009-06-10,2009-08-24,2009-08-29,0.9529949039427655,0.9744744934648364,1.170942572747231,-0.20720787404343,2,eye_level_asym; brow_eye_right_3d
2007_08_02__5c6c7977163b.png,2007_08_03_2__1cff200676db.png,2007_09_07__d22877d53827.png,2007-08-02,2007-08-03,2007-09-07,1.1722300201723315,1.6893082684027105,1.6481162392653947,-0.21734709497787374,3,mouth_height_3d; nose_ridge_length_3d; nose_projection_3d
2008_04_28__59ebffc06e1d.png,2008_05_14__8c59f8c2941d.png,2008_06_26__bed71e0ccc74.png,2008-04-28,2008-05-14,2008-06-26,1.0409398307287956,1.1003922297095985,1.3066720796477371,-0.2360060494285401,1,midface_ratio
2001_11_05__b352749108db.png,2002_07_10__b381fac011aa.png,2002_11_01__91b483a91623.png,2001-11-05,2002-07-10,2002-11-01,1.400830205511123,1.9324291003036835,1.9088731276683655,-0.2422434747609623,3,brow_eye_left_3d; brow_eye_right_3d; brow_span_3d
2011_01_14__9c042350b198.png,2011_02_24_2__37302614bfe9.png,2011_02_24_2__d7e36165ddcb.png,2011-01-14,2011-02-24,2011-02-24,1.7361680459472204,1.1534461805480254,1.691953566311447,-0.24714645306382432,1,nose_axis_bend_3d
2000_01_26__491e4b1a2e04.png,2000_03_25__81bbc9e35b9f.png,2000_04_17__c4939789cb22.png,2000-01-26,2000-03-25,2000-04-17,1.138446886507975,0.8422878443626309,1.2416823834672053,-0.25131501803190226,0,
2002_07_10__b381fac011aa.png,2002_11_01__91b483a91623.png,2002_12_02__c759b9171ecc.png,2002-07-10,2002-11-01,2002-12-02,1.9324291003036835,1.26031488393371,1.8546224850403454,-0.2582504929216487,3,nose_base_asym; nose_ridge_length_3d; central_depth_contrast
2004_04_14_2__94ea1ed0423e.png,2004_05_18__df8bec57cdb1.png,2004_09_24__b548f1ec1542.png,2004-04-14,2004-05-18,2004-09-24,1.0513567854300452,1.5068218650676517,1.5397440169169136,-0.2606546916680652,2,brow_height_asym; eye_level_asym
2011_06_21__0d8e18daf476.png,2011_07_20__5bc817e4e8f9.png,2011_10_15__f674bc675070.png,2011-06-21,2011-07-20,2011-10-15,1.4001088139776914,0.8633939355954325,1.408551726105648,-0.276800351319086,1,brow_eye_left_3d
1999_09_01__fdfba9d7bcd5.png,1999_10_19__330e619ff8aa.png,1999_10_23__9487fe3a5a1d.png,1999-09-01,1999-10-19,1999-10-23,0.7086639615218516,1.0643503022341503,1.168817742955612,-0.282310611077611,2,eye_level_asym; brow_eye_asym
2009_04_22__07d0c33f0411.png,2009_04_27__f9e5a1392d8e.png,2009_06_03__4db76aa26c0a.png,2009-04-22,2009-04-27,2009-06-03,0.9235007902711412,0.9743703628942509,1.238635901026436,-0.28970032444373994,1,mouth_height_3d
2010_07_19__fc479667e703.png,2010_08_03__f404f7dc0b6b.png,2010_09_20_2__89a2ee86126a.png,2010-07-19,2010-08-03,2010-09-20,1.4154745640821722,1.2798578694642013,1.6466499136893253,-0.2989836969161386,4,brow_eye_asym; mouth_nose_offset; brow_height_asym; midface_ratio
2009_10_25__28671c6bca3b.png,2009_10_29__e12fd98ba226.png,2009_11_25__d6449a26fbe8.png,2009-10-25,2009-10-29,2009-11-25,1.0772579744570168,1.5750805988182162,1.6270558165080817,-0.30088652987046527,1,mouth_height_3d
2009_08_29__91867a6526c5.png,2009_09_19__3227c25726be.png,2009_09_24__a781e62958f6.png,2009-08-29,2009-09-19,2009-09-24,1.418493346234892,2.6361573885948357,2.3284738493157153,-0.3011484819008512,4,eye_level_asym; nose_base_width_3d; brow_height_asym; mouth_height_3d
2006_04_24_2__d9392a8c6bb9.png,2006_06_02_2__458b8e8ca007.png,2006_07_14__17aab6062ef7.png,2006-04-24,2006-06-02,2006-07-14,2.490370369651976,2.1438626382075223,2.6454193371678643,-0.32830283323811527,4,nose_axis_bend_3d; nose_ridge_length_3d; brow_eye_asym; brow_height_asym
2000_01_25__abb13fb9f924.png,2000_01_26__491e4b1a2e04.png,2000_03_25__81bbc9e35b9f.png,2000-01-25,2000-01-26,2000-03-25,1.271112538941969,1.138446886507975,1.5505269435077602,-0.345747230782788,0,
2007_01_15__38cac42dd463.png,2007_03_14__84a9e9985ee5.png,2007_04_08__c233b8c9babd.png,2007-01-15,2007-03-14,2007-04-08,1.0688568439565647,2.5194093709247873,2.184014263915085,-0.3898811564744089,5,brow_eye_asym; midface_ratio; brow_height_asym; brow_span_3d; eye_anchor_spacing_3d
2000_07_23__5f52c4b8b456.png,2001_02_27_3__19b6ca387359.png,2001_02_27__fb61b453ec73.png,2000-07-23,2001-02-27,2001-02-27,1.6486736700242437,1.087309289792793,1.7619603427493815,-0.3939688628408633,2,nose_base_width_3d; mouth_width_3d
2004_05_18__df8bec57cdb1.png,2004_09_24__b548f1ec1542.png,2004_09_28__a2845eed8e20.png,2004-05-18,2004-09-24,2004-09-28,1.5068218650676517,2.138488701141092,2.2240804371680274,-0.40142515406365553,6,nose_projection_3d; brow_height_asym; eye_anchor_spacing_3d; midface_ratio; central_depth_contrast; nose_ridge_length_3d
2005_10_25__348bc2e79c0e.png,2006_01_07__8b5e0825527e.png,2006_04_24_2__d9392a8c6bb9.png,2005-10-25,2006-01-07,2006-04-24,1.6262638106821907,1.9957639037854187,2.215993024806146,-0.4049791675723413,4,midface_ratio; mouth_nose_offset; eye_anchor_spacing_3d; brow_span_3d
2004_01_15__28173705e988.png,2004_04_14_2__94ea1ed0423e.png,2004_05_18__df8bec57cdb1.png,2004-01-15,2004-04-14,2004-05-18,1.1929443467043328,1.0513567854300452,1.5612253567726182,-0.4390747907054291,1,eye_level_asym
2010_11_05_2__9eedef9c9490.png,2010_11_11__542e7ea9e454.png,2010_12_16__63103bd2e9dd.png,2010-11-05,2010-11-11,2010-12-16,1.3471516544382327,0.9782944932894486,1.6055632302528313,-0.44284015638899077,0,
2000_04_17__c4939789cb22.png,2000_05_08_3__269c19d69c54.png,2000_05_09_2__bef8b5c58a70.png,2000-04-17,2000-05-08,2000-05-09,1.2898805774202124,2.3879034520943145,2.2817618338249597,-0.4428698190676963,2,nose_axis_bend_3d; brow_eye_right_3d
2008_05_14__8c59f8c2941d.png,2008_06_26__bed71e0ccc74.png,2008_07_14__5a2af27b6bc8.png,2008-05-14,2008-06-26,2008-07-14,1.1003922297095985,1.0028314155329223,1.497659091041545,-0.44604726842028475,1,mouth_height_3d
2011_04_24__f6e7f77016ec.png,2011_05_05__4dc7e9cc8e00.png,2011_06_21__0d8e18daf476.png,2011-04-24,2011-05-05,2011-06-21,0.9823001897660312,1.6451159158250308,1.7631004383669333,-0.4493923855714024,2,nose_ridge_length_3d; eye_anchor_spacing_3d
2010_12_16__63103bd2e9dd.png,2011_01_14__9c042350b198.png,2011_02_24_2__37302614bfe9.png,2010-12-16,2011-01-14,2011-02-24,1.3522176861282302,1.7361680459472204,2.011470505596126,-0.4672776395584006,1,eye_level_asym
2011_02_24_2__37302614bfe9.png,2011_02_24_2__d7e36165ddcb.png,2011_03_01__7cb427856761.png,2011-02-24,2011-02-24,2011-03-01,1.1534461805480254,2.5741970487088595,2.3328082307251004,-0.4689866160966578,1,mouth_width_3d
2009_10_19_2__ea77b8163b39.png,2009_10_20__f0cd85cec0e4.png,2009_10_25__28671c6bca3b.png,2009-10-19,2009-10-20,2009-10-25,1.0560085140654436,1.099958921467224,1.5475995105356604,-0.4696157927693265,1,brow_eye_asym
2003_02_10_1__3769e8a139ff.png,2003_02_10__8b8a3de48d19.png,2003_02_23__d83f5fd3cb0e.png,2003-02-10,2003-02-10,2003-02-23,2.3921865910747515,1.4783685565845757,2.4171965214689175,-0.481918947639254,5,midface_ratio; brow_span_3d; eye_anchor_spacing_3d; nose_projection_3d; brow_eye_asym
2008_02_29__d7c336b04f11.png,2008_03_02__0921b0aaaea1.png,2008_04_28__59ebffc06e1d.png,2008-02-29,2008-03-02,2008-04-28,0.7868510391288417,1.1332671016782727,1.4440096005940088,-0.48395053019045164,0,
2003_05_31__e9ac5dbfdd44.png,2003_06_01__f274abb4ab60.png,2003_06_21__ac7632b62d02.png,2003-05-31,2003-06-01,2003-06-21,1.015687329515941,0.961355748441864,1.4786831725293872,-0.4901616335504847,0,
2006_07_14__17aab6062ef7.png,2006_07_15__1090d2b5f85f.png,2006_08_03__e6dd3fd0f342.png,2006-07-14,2006-07-15,2006-08-03,1.273880932642833,1.2412128255525783,1.7526376815039246,-0.49509080240621883,0,
2009_10_20__f0cd85cec0e4.png,2009_10_25__28671c6bca3b.png,2009_10_29__e12fd98ba226.png,2009-10-20,2009-10-25,2009-10-29,1.099958921467224,1.0772579744570168,1.5920811178681247,-0.5034726699060041,0,
2007_01_01__2768afcf0ae7.png,2007_01_15__38cac42dd463.png,2007_03_14__84a9e9985ee5.png,2007-01-01,2007-01-15,2007-03-14,1.4623685385837553,1.0688568439565647,1.790103343154038,-0.5244906518838781,0,
2009_09_24__a781e62958f6.png,2009_10_19_2__ea77b8163b39.png,2009_10_20__f0cd85cec0e4.png,2009-09-24,2009-10-19,2009-10-20,2.3742245840081906,1.0560085140654436,2.2680679481357293,-0.5529513990989123,3,midface_ratio; brow_eye_asym; eye_anchor_spacing_3d
2000_03_25__81bbc9e35b9f.png,2000_04_17__c4939789cb22.png,2000_05_08_3__269c19d69c54.png,2000-03-25,2000-04-17,2000-05-08,0.8422878443626309,1.2898805774202124,1.626273866053967,-0.5601896551625454,2,brow_eye_left_3d; brow_eye_right_3d
2005_09_03__e377b3477c75.png,2005_10_05__bce8361b3016.png,2005_10_25__348bc2e79c0e.png,2005-09-03,2005-10-05,2005-10-25,1.0236958789441692,1.637363976766975,1.901214730844539,-0.5706848029889668,0,
2011_03_01__7cb427856761.png,2011_03_22__bc4246c3109c.png,2011_04_14__a8e0e9263ab9.png,2011-03-01,2011-03-22,2011-04-14,0.9877821925893157,1.3158346128676985,1.7291624442313425,-0.5773540415028353,0,
2005_06_28__422c53a1b9ba.png,2005_07_25__d7f208557884.png,2005_08_26__13a78f673740.png,2005-06-28,2005-07-25,2005-08-26,1.2643258402112338,1.2891992235259928,1.878002598602855,-0.6012400667342417,1,nose_base_asym
2003_08_04_5__ff990e8c18e9.png,2003_10_10_2__fdf2604badbd.png,2003_10_10__72f1e0141a60.png,2003-08-04,2003-10-10,2003-10-10,3.205481012275627,2.2389223529884665,3.326614118528057,-0.6044124358960099,2,brow_eye_left_3d; nose_ridge_length_3d
1999_10_19__330e619ff8aa.png,1999_10_23__9487fe3a5a1d.png,1999_12_19__268029ccb16b.png,1999-10-19,1999-10-23,1999-12-19,1.0643503022341503,2.321095364097906,2.3083854686386034,-0.6156626354725752,0,
2005_05_08__ebecb32e98dc.png,2005_05_10__4cf472db10cb.png,2005_06_28__422c53a1b9ba.png,2005-05-08,2005-05-10,2005-06-28,1.0301073303745505,2.5494132868830395,2.4079698701583636,-0.6182095615295686,3,mouth_height_3d; nose_ridge_length_3d; midface_ratio
2010_02_11__66995147a003.png,2010_03_17_2__d93fd26740a2.png,2010_03_26_2__47ed13ad536e.png,2010-02-11,2010-03-17,2010-03-26,2.8984174251089754,0.9523834601975951,2.5708686246296195,-0.6454681819763342,2,nose_projection_3d; nose_base_width_3d
2000_05_09_2__bef8b5c58a70.png,2000_05_09__f521e8b04028.png,2000_06_14__212639178b9b.png,2000-05-09,2000-05-09,2000-06-14,1.8079852468205437,1.4212790694692188,2.2621153726329073,-0.647483214488026,4,nose_base_width_3d; mouth_height_3d; brow_eye_left_3d; nose_projection_3d
2010_03_17_2__d93fd26740a2.png,2010_03_26_2__47ed13ad536e.png,2010_06_28__80f5c9f5d085.png,2010-03-17,2010-03-26,2010-06-28,0.9523834601975951,1.1216939220468884,1.7051837344476295,-0.6681450433253877,1,nose_axis_bend_3d
2009_01_28__54256cf39c87.png,2009_03_28__bad9e42a4be4.png,2009_04_22__07d0c33f0411.png,2009-01-28,2009-03-28,2009-04-22,1.2009372653146446,0.7327968681239876,1.6718914714547717,-0.7050244047354556,0,
2011_10_15__f674bc675070.png,2011_12_09_2__8ba7e14bd2da.png,2012_01_25_2__682dc53e8340.png,2011-10-15,2011-12-09,2012-01-25,2.1659402916386714,0.8701052833486113,2.257935027863564,-0.7399122403699228,0,
2007_04_08__c233b8c9babd.png,2007_04_13__d0fcd06eb526.png,2007_08_02__5c6c7977163b.png,2007-04-08,2007-04-13,2007-08-02,2.528633225267028,1.0586594044907396,2.545913324629714,-0.7522670097508302,3,brow_height_asym; mouth_height_3d; mouth_nose_offset
2007_12_15__e21ff84a9a10.png,2007_12_30__bdd0bc1da63f.png,2008_01_05__7cc5adb4554f.png,2007-12-15,2007-12-30,2008-01-05,1.30584312197005,2.3441395707936956,2.5842279915208755,-0.7592366451390027,0,
2005_05_01__6dfbdcfbb01e.png,2005_05_08__ebecb32e98dc.png,2005_05_10__4cf472db10cb.png,2005-05-01,2005-05-08,2005-05-10,2.4840300752229254,1.0301073303745505,2.522641454873214,-0.765572752074476,4,mouth_height_3d; nose_ridge_length_3d; brow_height_asym; mouth_nose_offset
2009_12_10_2__e94160bb38b8.png,2010_01_07__3de50bb92856.png,2010_02_11__66995147a003.png,2009-12-10,2010-01-07,2010-02-11,1.4811827545984069,2.3235298177302495,2.690322857246066,-0.7879665710817376,1,midface_ratio
1999_08_12_2__f8d0dfc4ed4d.png,1999_09_01__fdfba9d7bcd5.png,1999_10_19__330e619ff8aa.png,1999-08-12,1999-09-01,1999-10-19,2.371894220040578,0.7086639615218516,2.330485163899836,-0.7902060731186211,1,eye_level_asym
2011_07_20__5bc817e4e8f9.png,2011_10_15__f674bc675070.png,2011_12_09_2__8ba7e14bd2da.png,2011-07-20,2011-10-15,2011-12-09,0.8633939355954325,2.1659402916386714,2.335873147383429,-0.8212060337663769,3,eye_level_asym; brow_eye_right_3d; mouth_width_3d
2003_06_01__f274abb4ab60.png,2003_06_21__ac7632b62d02.png,2003_08_04_5__ff990e8c18e9.png,2003-06-01,2003-06-21,2003-08-04,0.961355748441864,3.0584925993320433,2.843301981937903,-0.8333778080509493,1,brow_eye_left_3d
1999_12_19__268029ccb16b.png,2000_01_14__71a2978f8963.png,2000_01_25__abb13fb9f924.png,1999-12-19,2000-01-14,2000-01-25,2.286071593465621,0.7169796387900932,2.3686383172488794,-0.8671127011210225,0,
2012_03_05__99b28879de92.png,2012_05_08_3__b904d13d5826.png,2012_05_15__b96d935cf377.png,2012-03-05,2012-05-08,2012-05-15,1.5139601701953633,1.2523522291811646,2.258850267133068,-0.8756940674448039,1,nose_axis_bend_3d
2003_10_10_2__fdf2604badbd.png,2003_10_10__72f1e0141a60.png,2003_10_16__faa3a4aaff20.png,2003-10-10,2003-10-10,2003-10-16,2.2389223529884665,2.3386488304880326,3.195565666207207,-0.9067800744689576,2,brow_height_asym; nose_projection_3d
2001_03_29__a39e57f1bc9a.png,2001_04_14__1e62238ac16a.png,2001_06_16_2__69d51850915d.png,2001-03-29,2001-04-14,2001-06-16,0.8339213552058918,2.6849521006768313,2.696258355829036,-0.9368216278876742,0,
2007_11_20__c27cb3b07a3c.png,2007_12_15__e21ff84a9a10.png,2007_12_30__bdd0bc1da63f.png,2007-11-20,2007-12-15,2007-12-30,1.9994655695613042,1.30584312197005,2.607519882743108,-0.9548655369774308,0,
2005_04_10__1805ec77ee6b.png,2005_05_01__6dfbdcfbb01e.png,2005_05_08__ebecb32e98dc.png,2005-04-10,2005-05-01,2005-05-08,1.4688911512011966,2.4840300752229254,2.939256800030179,-0.9627961868181178,2,brow_height_asym; mouth_width_3d
2005_05_10__4cf472db10cb.png,2005_06_28__422c53a1b9ba.png,2005_07_25__d7f208557884.png,2005-05-10,2005-06-28,2005-07-25,2.5494132868830395,1.2643258402112338,2.9106999550701818,-1.003830391523045,2,mouth_height_3d; brow_eye_asym
2002_12_02__c759b9171ecc.png,2003_01_10__23b16927f674.png,2003_02_10_1__3769e8a139ff.png,2002-12-02,2003-01-10,2003-02-10,0.9513159529089209,2.982410619875284,2.9763471586493306,-1.0094838722572281,3,central_depth_contrast; brow_eye_asym; nose_ridge_length_3d
2008_02_14_3__d6f0e64ab9bf.png,2008_02_29__d7c336b04f11.png,2008_03_02__0921b0aaaea1.png,2008-02-14,2008-02-29,2008-03-02,2.621200325283885,0.7868510391288417,2.727304555469254,-1.0232788732628904,1,brow_eye_left_3d
2011_12_09_2__8ba7e14bd2da.png,2012_01_25_2__682dc53e8340.png,2012_03_05__99b28879de92.png,2011-12-09,2012-01-25,2012-03-05,0.8701052833486113,2.6707340057299067,2.889131548252974,-1.118711903713715,2,mouth_height_3d; brow_height_asym
2004_09_28__a2845eed8e20.png,2004_11_21__f960ff2a830e.png,2005_04_10__1805ec77ee6b.png,2004-09-28,2004-11-21,2005-04-10,2.1769815454292405,0.8811232099431734,2.666351531650612,-1.1372991539644053,1,mouth_width_3d
2008_01_07_2__023e25b824ac.png,2008_01_07__8cdca7ad7769.png,2008_01_12__0fa6831a685b.png,2008-01-07,2008-01-07,2008-01-12,2.2347494485669,1.245878423899305,2.9462523192369985,-1.2059383830038959,0,
2003_10_16__faa3a4aaff20.png,2003_12_31__74aef83c2fd7.png,2004_01_15__28173705e988.png,2003-10-16,2003-12-31,2004-01-15,2.7329639548605402,1.5264516971978204,3.416801340500877,-1.2870935144716964,1,mouth_height_3d
2001_11_01__431490e159af.png,2001_11_05__b352749108db.png,2002_07_10__b381fac011aa.png,2001-11-01,2001-11-05,2002-07-10,3.4592035779619335,1.400830205511123,3.8228667953761346,-1.3928499036396063,0,
