stem,score106_coords,score134_coords,rank106,rank134,both_top25
1999_08_12_2__f8d0dfc4ed4d,9.152183171307907,8.887213674175534,15.0,15.0,True
1999_09_01__fdfba9d7bcd5,1.510001069630659,1.6643188878311939,102.0,93.0,False
1999_10_19__330e619ff8aa,1.098873422522102,1.0238451981398144,133.0,139.0,False
1999_10_23__9487fe3a5a1d,1.9435587646030816,2.045929425349421,74.0,72.0,False
1999_12_19__268029ccb16b,9.290670183235495,8.926679467326743,8.0,12.0,True
2000_01_14__71a2978f8963,1.2865443991305785,1.5427153498266037,122.0,104.0,False
2000_01_25__abb13fb9f924,1.7605629154724245,1.9423362872647698,87.0,79.0,False
2000_01_26__491e4b1a2e04,1.1198539923789397,1.3372511825063247,132.0,119.0,False
2000_03_25__81bbc9e35b9f,2.855467526641685,2.8511186951521497,40.0,42.0,False
2000_04_17__c4939789cb22,1.9432716331599087,2.2196195731517343,75.0,63.0,False
2000_05_08_3__269c19d69c54,1.5355926534607451,1.6529563147126631,100.0,94.0,False
2000_05_09_2__bef8b5c58a70,9.111016756285087,8.997124297250402,20.0,9.0,True
2000_05_09__f521e8b04028,9.345721768453574,9.274543220595946,5.0,3.0,True
2000_06_14__212639178b9b,1.6081277919747627,1.7139031928922133,95.0,90.0,False
2000_07_08__af2f680df36f,2.727122436283137,3.204524316696003,43.0,37.0,False
2000_07_23__5f52c4b8b456,9.198252721502865,9.065949394878803,13.0,6.0,True
2001_02_27_3__19b6ca387359,1.0284947715078712,1.0785510960285536,138.0,136.0,False
2001_02_27__fb61b453ec73,2.9981055380537756,3.203422754983107,36.0,38.0,False
2001_03_23__e0ecdfe4b1e3,1.6218691095212474,2.078770869100508,94.0,71.0,False
2001_03_29__a39e57f1bc9a,1.1669389496354077,1.0939989828452221,128.0,135.0,False
2001_04_14__1e62238ac16a,1.4704539218835435,1.485334447835803,106.0,107.0,False
2001_06_16_2__69d51850915d,9.133472206806589,8.882388342056062,18.0,17.0,True
2001_06_16__71d032996fa8,9.524394511077952,9.22349472353348,3.0,4.0,True
2001_09_06_1__245c19779dd7,9.274257001295586,8.85757140900899,10.0,20.0,True
2001_11_01__431490e159af,10.414117363273492,10.910959816870154,1.0,1.0,True
2001_11_05__b352749108db,2.112005306504649,2.241441740060102,63.0,61.0,False
2002_07_10__b381fac011aa,1.8807104472655485,2.045872313308313,80.0,73.0,False
2002_11_01__91b483a91623,2.2959868964657377,2.430353550937101,56.0,56.0,False
2002_12_02__c759b9171ecc,1.9828007512655397,2.1243823544232776,73.0,69.0,False
2003_01_10__23b16927f674,2.645009249914653,2.3896771434369786,45.0,57.0,False
2003_02_10_1__3769e8a139ff,8.939867368002353,8.873787109715686,27.0,18.0,False
2003_02_10__8b8a3de48d19,1.3746245438799398,1.4406313238234152,114.0,110.0,False
2003_02_23__d83f5fd3cb0e,2.095487146527854,1.7830533215627513,66.0,85.0,False
2003_03_09__d963c3a2a7fd,9.420345211173796,9.058972115061268,4.0,8.0,True
2003_05_27__2ae6d9853e43,1.5758724640298252,1.5492667682001007,97.0,102.0,False
2003_05_31__e9ac5dbfdd44,1.1635223831760169,1.2062161297779572,129.0,127.0,False
2003_06_01__f274abb4ab60,1.486102869899957,1.6012363864804326,104.0,98.0,False
2003_06_21__ac7632b62d02,2.234057599717451,2.7859515418752654,60.0,44.0,False
2003_08_04_5__ff990e8c18e9,9.274853291527512,8.936947214240764,9.0,11.0,True
2003_10_10_2__fdf2604badbd,1.9933805283259671,2.173171995152798,72.0,65.0,False
2003_10_10__72f1e0141a60,2.6395363308884394,2.4489479376886503,46.0,54.0,False
2003_10_16__faa3a4aaff20,10.142454586763472,9.556917986652612,2.0,2.0,True
2003_12_31__74aef83c2fd7,1.2312193533942537,1.0345001604718453,124.0,138.0,False
2004_01_15__28173705e988,2.105107759897345,2.1627532481290923,64.0,67.0,False
2004_04_14_2__94ea1ed0423e,1.8518974011514804,1.7795626286505508,81.0,86.0,False
2004_05_18__df8bec57cdb1,1.3568953830941866,1.3652622398284109,115.0,117.0,False
2004_09_24__b548f1ec1542,1.7750296098495022,1.5427607368485334,86.0,103.0,False
2004_09_28__a2845eed8e20,8.877044405722543,8.637224814388153,30.0,31.0,False
2004_11_21__f960ff2a830e,1.3409203245953754,1.4464884294246836,117.0,109.0,False
2005_04_10__1805ec77ee6b,1.7768138391246069,1.7081106652921503,85.0,91.0,False
2005_05_01__6dfbdcfbb01e,0.9782570999184591,1.1450786050023205,140.0,132.0,False
2005_05_08__ebecb32e98dc,9.076403297865996,8.699708811542088,22.0,28.0,False
2005_05_10__4cf472db10cb,8.880737752479442,8.712842414214803,29.0,26.0,False
2005_06_28__422c53a1b9ba,3.239495662500634,3.633998546571733,35.0,35.0,False
2005_07_25__d7f208557884,1.5584419996126608,1.7462522684788682,98.0,87.0,False
2005_08_26__13a78f673740,1.8206610393003888,2.1287202576043414,82.0,68.0,False
2005_09_03__e377b3477c75,2.5833256829155458,3.0552246874887263,48.0,40.0,False
2005_10_05__bce8361b3016,1.9023871979485736,1.8876572258084374,77.0,80.0,False
2005_10_25__348bc2e79c0e,1.8971239634783288,1.7315091958734847,79.0,88.0,False
2006_01_07__8b5e0825527e,1.1426084543763708,1.166880870476258,131.0,129.0,False
2006_04_24_2__d9392a8c6bb9,9.132580602511078,8.831366314446164,19.0,22.0,True
2006_06_02_2__458b8e8ca007,1.899130751585871,1.8159444549793622,78.0,84.0,False
2006_07_14__17aab6062ef7,2.2519620227021955,2.10129221862232,58.0,70.0,False
2006_07_15__1090d2b5f85f,0.9743160064607105,0.9794914643907516,141.0,142.0,False
2006_08_03__e6dd3fd0f342,1.6756484561514253,2.0147912690817855,91.0,76.0,False
2006_10_11__cb83f4b73aca,1.7009269496154562,1.8301470451334143,90.0,82.0,False
2006_11_10__6a4841acc11b,2.2122836751409833,2.5431262704556348,62.0,52.0,False
2006_12_21__4a0f42ab7782,2.433902064979974,2.4353904764387173,50.0,55.0,False
2007_01_01__2768afcf0ae7,1.393535562411133,1.5611850610299254,111.0,99.0,False
2007_01_15__38cac42dd463,1.534479273925602,1.5607767784914137,101.0,100.0,False
2007_03_14__84a9e9985ee5,1.7825837577956767,2.0393249188461673,84.0,74.0,False
2007_04_08__c233b8c9babd,9.072820139483266,8.826561387588331,23.0,23.0,True
2007_04_13__d0fcd06eb526,1.257838885246222,1.27916458957689,123.0,124.0,False
2007_08_02__5c6c7977163b,1.396175502207588,1.3908849394090237,110.0,114.0,False
2007_08_03_2__1cff200676db,2.4263604134244185,2.320053643106612,51.0,59.0,False
2007_09_07__d22877d53827,9.304417818287225,9.11826066949189,6.0,5.0,True
2007_09_13__b79f7e4fa307,2.2231130199249645,2.1706551371872136,61.0,66.0,False
2007_11_20__c27cb3b07a3c,2.5650870002826864,2.5864694633541365,49.0,50.0,False
2007_12_15__e21ff84a9a10,1.0472793941431877,0.9956562419899354,135.0,141.0,False
2007_12_30__bdd0bc1da63f,2.952394484136339,3.1526598113207647,38.0,39.0,False
2008_01_05__7cc5adb4554f,5.6661873186561245,6.245418120035605,34.0,34.0,False
2008_01_07_2__023e25b824ac,8.906267166126462,8.83987842824226,28.0,21.0,False
2008_01_07__8cdca7ad7769,1.93181384635574,1.8630922935573873,76.0,81.0,False
2008_01_12__0fa6831a685b,2.8347381481133334,2.7326275530710062,41.0,45.0,False
2008_02_01__1c9577a6c773,9.058473871770405,8.887578276712185,24.0,14.0,True
2008_02_12_2__5915242188c1,2.785956800124909,2.6828360642006768,42.0,47.0,False
2008_02_14_3__d6f0e64ab9bf,8.791969838534152,8.404787945133855,33.0,33.0,False
2008_02_29__d7c336b04f11,2.2445166885831096,1.9555683514198299,59.0,78.0,False
2008_03_02__0921b0aaaea1,0.8423610452921763,0.8688314349900546,144.0,144.0,False
2008_04_28__59ebffc06e1d,2.0711231547941096,2.0034426766427527,68.0,77.0,False
2008_05_14__8c59f8c2941d,1.7947016434411747,1.821697924236067,83.0,83.0,False
2008_06_26__bed71e0ccc74,1.3294437711016602,1.2934230090703602,118.0,123.0,False
2008_07_14__5a2af27b6bc8,1.4331508408216522,1.3725392882398622,108.0,116.0,False
2008_07_28__649a348723ff,1.487877595179114,1.501121265019369,103.0,105.0,False
2008_10_30__f32c7fd7c3c1,1.473584611441939,1.6480346930446046,105.0,95.0,False
2008_11_19__c68501438887,1.328651423711658,1.392020894193608,119.0,113.0,False
2008_12_04__a44ee4e0195d,8.945306054739373,8.726044560218343,26.0,25.0,False
2009_01_28__54256cf39c87,1.641626681322741,1.7221491181000192,93.0,89.0,False
2009_03_28__bad9e42a4be4,1.226268507838466,1.4850072599369417,125.0,108.0,False
2009_04_22__07d0c33f0411,2.326742662201797,2.635105892562261,53.0,49.0,False
2009_04_27__f9e5a1392d8e,0.924976065862032,0.9418913460373778,142.0,143.0,False
2009_06_03__4db76aa26c0a,2.0839002705677214,2.2731894971667446,67.0,60.0,False
2009_06_10__6294280d8f6b,1.4515922306813107,1.1200802700568886,107.0,133.0,False
2009_08_24__f8294b3bf327,1.0377832634289268,1.2072533915713726,137.0,126.0,False
2009_08_29__91867a6526c5,2.0417076969378107,1.5500330495741228,69.0,101.0,False
2009_09_19__3227c25726be,2.951363662120623,3.2963275214094434,39.0,36.0,False
2009_09_24__a781e62958f6,9.081072102215607,8.668470306287041,21.0,29.0,False
2009_10_19_2__ea77b8163b39,1.191023481452532,1.2521746801463611,127.0,125.0,False
2009_10_20__f0cd85cec0e4,1.218821017648248,1.2939248868168751,126.0,122.0,False
2009_10_25__28671c6bca3b,8.875175390019344,8.712683245375025,32.0,27.0,False
2009_10_29__e12fd98ba226,8.876311324492436,8.65619484830696,31.0,30.0,False
2009_11_25__d6449a26fbe8,2.2782194316222424,2.704248643633005,57.0,46.0,False
2009_12_10_2__e94160bb38b8,1.585622118649477,1.4872029351197353,96.0,106.0,False
2010_01_07__3de50bb92856,9.175241453508152,8.907015557440982,14.0,13.0,True
2010_02_11__66995147a003,8.977051879280884,8.577113447587307,25.0,32.0,False
2010_03_17_2__d93fd26740a2,1.2957733454523561,1.3335130846140602,120.0,120.0,False
2010_03_26_2__47ed13ad536e,2.0084666491281893,2.022865943413575,71.0,75.0,False
2010_06_28__80f5c9f5d085,9.208839703903351,8.86364368511587,12.0,19.0,True
2010_07_19__fc479667e703,9.300053808061248,8.885529145702145,7.0,16.0,True
2010_08_03__f404f7dc0b6b,9.261661322081611,9.06196656837212,11.0,7.0,True
2010_09_20_2__89a2ee86126a,2.9804515215635186,3.0173829078566126,37.0,41.0,False
2010_10_16__14bfb097ffa7,1.4017786497798126,1.407692262628518,109.0,112.0,False
2010_11_01_3__3140353e0379,1.3911468794626074,1.2037244030545198,113.0,128.0,False
2010_11_01__7e0576e152de,2.32845273834582,2.2224183421628956,52.0,62.0,False
2010_11_05_2__9eedef9c9490,1.5505180983969094,1.3731792566746401,99.0,115.0,False
2010_11_11__542e7ea9e454,1.0681947290030491,1.1528422158868505,134.0,130.0,False
2010_12_16__63103bd2e9dd,2.31784798761652,2.389236061260101,55.0,58.0,False
2011_01_14__9c042350b198,1.3924336793947518,1.4260616769362708,112.0,111.0,False
2011_02_24_2__37302614bfe9,2.6129471643232676,2.673520929888858,47.0,48.0,False
2011_02_24_2__d7e36165ddcb,2.028485115333754,2.1997086247857824,70.0,64.0,False
2011_03_01__7cb427856761,2.324542775058813,2.493097990740949,54.0,53.0,False
2011_03_22__bc4246c3109c,1.7115167004383673,1.6967968286894974,89.0,92.0,False
2011_04_14__a8e0e9263ab9,1.3425290139960322,1.3532557713192044,116.0,118.0,False
2011_04_24__f6e7f77016ec,1.6489780810658927,1.630623438012884,92.0,96.0,False
2011_05_05__4dc7e9cc8e00,1.014421756484574,1.0035383587675444,139.0,140.0,False
2011_06_21__0d8e18daf476,2.1050039203581274,2.551360702397694,65.0,51.0,False
2011_07_20__5bc817e4e8f9,1.2914490458499417,1.3069396414787586,121.0,121.0,False
2011_10_15__f674bc675070,0.9173884848424512,1.0568227528610326,143.0,137.0,False
2011_12_09_2__8ba7e14bd2da,9.14636116267934,8.78851851443959,16.0,24.0,True
2012_01_25_2__682dc53e8340,9.136377106130118,8.950954299999374,17.0,10.0,True
2012_03_05__99b28879de92,2.663510681878664,2.8310887807240785,44.0,43.0,False
2012_05_08_3__b904d13d5826,1.046659552169682,1.1493869038503797,136.0,131.0,False
2012_05_15__b96d935cf377,1.712564642358137,1.6130082013970075,88.0,97.0,False
2012_07_11__a475f393ba1c,1.15737793245495,1.1081835694264508,130.0,134.0,False
